smiles,Hepatobiliary disorders,Metabolism and nutrition disorders,Product issues,Eye disorders,Investigations,Musculoskeletal and connective tissue disorders,Gastrointestinal disorders,Social circumstances,Immune system disorders,Reproductive system and breast disorders,"Neoplasms benign, malignant and unspecified (incl cysts and polyps)",General disorders and administration site conditions,Endocrine disorders,Surgical and medical procedures,Vascular disorders,Blood and lymphatic system disorders,Skin and subcutaneous tissue disorders,"Congenital, familial and genetic disorders",Infections and infestations,"Respiratory, thoracic and mediastinal disorders",Psychiatric disorders,Renal and urinary disorders,"Pregnancy, puerperium and perinatal conditions",Ear and labyrinth disorders,Cardiac disorders,Nervous system disorders,"Injury, poisoning and procedural complications",pred_0,pred_1,pred_2,pred_3,pred_4,pred_5,pred_6,pred_7,pred_8,pred_9,pred_10,pred_11,pred_12,pred_13,pred_14,pred_15,pred_16,pred_17,pred_18,pred_19,pred_20,pred_21,pred_22,pred_23,pred_24,pred_25,pred_26
CC(C1=CC2=C(C=C1)C=C(C=C2)OC)C(=O)[O-].[Na+],1,1,0,1,1,1,1,1,1,1,1,1,0,1,1,1,1,1,1,1,1,1,0,1,1,1,1,0.4811207,0.74051356,0.011069356,0.65959924,0.7858219,0.6159952,0.91854936,0.2093096,0.57222,0.5430678,0.22772868,0.903562,0.23932797,0.18241584,0.73941964,0.6450371,0.86179817,0.1508956,0.61871344,0.6745021,0.7773248,0.53704506,0.07944815,0.56835407,0.7206201,0.92673796,0.58141893
CCOC1=NC2=CC=CC(=C2N1CC3=CC=C(C=C3)C4=CC=CC=C4C5=NC(=O)ON5)C(=O)OCC6=C(OC(=O)O6)C,0,1,0,0,1,1,1,0,0,0,0,1,0,0,1,0,1,0,0,0,0,0,0,0,0,1,0,0.8580346,0.9769931,0.0005436368,0.8721322,0.9976834,0.95420325,0.99967945,0.13071778,0.9485834,0.82606107,0.32247087,0.9829664,0.06823141,0.08312134,0.9624373,0.969836,0.998018,0.08849438,0.9595792,0.97674805,0.84911025,0.9554873,0.00918318,0.6417765,0.8817697,0.99964094,0.9190188
CCCCCC(C=CC1C(CC(=O)C1CCCCCCC(=O)O)O)O,1,1,1,1,1,1,1,1,0,1,1,1,0,1,1,1,1,1,1,1,1,1,0,0,1,1,1,0.34589276,0.68370706,0.011986071,0.5590724,0.76647365,0.7130299,0.89746684,0.18529058,0.7764153,0.3914984,0.21471374,0.94490516,0.1767993,0.1883254,0.7735885,0.5124838,0.90950555,0.20642845,0.7384823,0.7993348,0.6569684,0.5771855,0.08337507,0.45070434,0.7783642,0.86696154,0.727739
C1CCNC(C1)C(C2=CC(=NC3=C2C=CC=C3C(F)(F)F)C(F)(F)F)O,1,1,0,1,1,1,1,1,1,0,0,1,0,0,1,1,1,1,1,1,1,1,1,1,1,1,1,0.8354718,0.9714091,0.0032732687,0.95108515,0.99348974,0.958162,0.99856913,0.24806516,0.91738087,0.9189555,0.68193066,0.9954165,0.23293155,0.32193777,0.95650965,0.96062654,0.9938765,0.17116533,0.9215164,0.97201693,0.947356,0.95846003,0.036409765,0.79356265,0.94403774,0.9973876,0.9003938
CCN1C=C(C(=O)C2=C1N=C(C=C2)C)C(=O)O,1,1,0,1,0,1,1,0,1,0,0,1,0,0,0,1,1,1,0,0,1,0,0,1,0,1,1,0.778295,0.90749204,0.006002071,0.783242,0.958409,0.8265106,0.98658025,0.28909877,0.8617114,0.7518746,0.34250304,0.95565253,0.1808731,0.2306172,0.8470955,0.89619315,0.9665059,0.21001771,0.8164842,0.86900085,0.84837645,0.85437393,0.049873237,0.606876,0.75794667,0.97986263,0.83028036
CCOC(=O)O[C@@]1(CCC2[C@@]1(C[C@@H](C3C2CCC4=CC(=O)C=C[C@]34C)O)C)C(=O)OCCl,0,0,0,1,0,0,0,0,0,0,0,1,0,0,0,0,1,0,1,0,0,0,0,0,0,1,1,0.30161223,0.5469935,0.035920832,0.5943373,0.62512237,0.56807625,0.6330892,0.067369364,0.7759225,0.5822153,0.2370002,0.7598608,0.501961,0.057868816,0.5421192,0.39081892,0.9704159,0.2273166,0.7963922,0.568311,0.5414938,0.38595548,0.078855634,0.31391576,0.45435148,0.7733885,0.5766208
C[N+](C)(C)CC(=O)[O-],0,1,0,0,0,0,1,0,0,0,0,0,0,0,0,0,1,1,0,1,1,1,0,0,0,1,0,0.2962064,0.6038644,0.00430906,0.5267622,0.67610097,0.5196653,0.8665987,0.12726757,0.5441155,0.2522552,0.16318505,0.90070915,0.11261296,0.09905103,0.7179453,0.4301842,0.8401483,0.13707314,0.54945225,0.6611896,0.60579395,0.4541791,0.040984433,0.2825797,0.61452687,0.83959186,0.52960896
CC1OCC2C(O1)C(C(C(O2)OC3C4COC(=O)C4C(C5=CC6=C(C=C35)OCO6)C7=CC(=C(C(=C7)OC)O)OC)O)O,1,1,0,1,1,1,1,0,1,0,1,1,0,0,1,1,1,0,1,1,1,1,0,1,1,1,1,0.59416646,0.7018892,0.18597895,0.561711,0.80950236,0.5293388,0.8660485,0.3356853,0.78579867,0.5041845,0.35154694,0.7425226,0.24641606,0.25006777,0.67526394,0.70581645,0.890446,0.3691784,0.70832765,0.6698981,0.594148,0.6906875,0.19754858,0.5184763,0.4835268,0.8572835,0.63517886
C[C@H]1/C=C/C=C(\C(=O)NC\2=C(C3=C(C(=C4C(=C3C(=O)/C2=C/NN5CCN(CC5)C)C(=O)[C@](O4)(O/C=C/[C@@H]([C@H]([C@H]([C@@H]([C@@H]([C@@H]([C@H]1O)C)O)C)OC(=O)C)C)OC)C)C)O)O)/C,1,1,0,1,1,1,1,1,1,1,0,1,1,0,1,1,1,1,1,1,1,1,0,0,0,1,1,0.9178654,0.9743654,0.007033225,0.833324,0.99847335,0.7796631,0.9993672,0.12409569,0.9901148,0.8615214,0.51460105,0.9759982,0.025978368,0.2464777,0.9680572,0.99320424,0.99633694,0.2732355,0.9654217,0.96068156,0.9104103,0.984625,0.027073309,0.72127694,0.7280894,0.9993654,0.9536345
Cl[Zn]Cl,0,1,0,0,1,0,0,0,0,0,0,0,0,0,0,1,0,0,0,0,0,0,0,0,0,0,0,0.2807439,0.6285954,0.0024476687,0.48759234,0.71781385,0.55297816,0.8785018,0.11269379,0.52432036,0.22896217,0.14800672,0.88833106,0.10033422,0.074490674,0.68001074,0.4563262,0.843644,0.12041193,0.52611005,0.61888623,0.6057388,0.3672025,0.028642459,0.25300714,0.5352188,0.8205914,0.5089243
CC(C)(C1=CC=CC=C1CCC(C2=CC=CC(=C2)C=CC3=NC4=C(C=CC(=C4)Cl)C=C3)SCC5(CC5)CC(=O)O)O,1,0,0,1,1,1,1,0,1,0,0,1,0,0,1,1,1,0,1,1,1,1,0,1,1,1,1,0.58050424,0.8298639,0.031639718,0.7581658,0.8491331,0.7911645,0.9502023,0.27613163,0.6650688,0.725,0.37581927,0.9106807,0.35699043,0.1978611,0.8154973,0.69436365,0.9433146,0.2306177,0.7685812,0.80840635,0.7481891,0.72557014,0.14261115,0.6188414,0.79812574,0.9677259,0.6788814
C[C@H](C(=O)N1CCC[C@H]1C(=O)O)N[C@@H](CCC2=CC=CC=C2)C(=O)O,1,1,0,1,1,1,1,0,1,1,0,1,0,0,1,1,1,0,1,1,1,1,0,1,1,1,0,0.47755936,0.7640265,0.00649932,0.63581496,0.83371645,0.6430526,0.94460243,0.17921838,0.75877196,0.58829814,0.19228157,0.93715745,0.17631787,0.15489116,0.7991661,0.7203693,0.9342502,0.19220962,0.70228076,0.73975027,0.78064126,0.7096425,0.07161333,0.44307932,0.74922794,0.94184995,0.66435206
C1=CC(=C(C=C1C(CN)O)O)O,0,1,0,1,1,0,1,0,0,0,0,1,0,0,1,0,1,0,1,1,1,0,0,0,1,1,0,0.3461591,0.70064753,0.002140066,0.57751656,0.77557886,0.62964654,0.9251301,0.1283409,0.6033087,0.32904688,0.16383404,0.93710196,0.10414454,0.09147144,0.7457687,0.53740335,0.90497357,0.122015744,0.58861524,0.7007421,0.743807,0.4742929,0.03324304,0.3556807,0.6766379,0.8976719,0.55576646
CCCC1CC(N(C1)C)C(=O)NC(C2C(C(C(C(O2)SC)O)O)O)C(C)O,1,0,0,0,1,0,1,0,1,1,0,1,0,0,1,1,1,0,1,0,0,1,0,1,1,0,0,0.40007585,0.5953753,0.04212905,0.5625184,0.7032441,0.53176534,0.82114017,0.18846498,0.6969174,0.25634935,0.20690174,0.8841161,0.12940015,0.15495224,0.6372831,0.53361374,0.8512472,0.26175636,0.6101011,0.611152,0.49247319,0.5261274,0.08684497,0.48600608,0.51960874,0.6906228,0.6608035
CC(=O)C1=CC(=C(C=C1)OCCCN2CCC(CC2)C3=NOC4=C3C=CC(=C4)F)OC,1,1,0,1,1,1,1,1,0,1,0,1,1,0,1,1,1,0,1,1,1,1,0,1,1,1,1,0.6774839,0.86868113,0.018946188,0.79567224,0.93227804,0.84403795,0.9758935,0.34753993,0.794158,0.7741152,0.3783201,0.9497386,0.28825265,0.3114293,0.8696968,0.7939012,0.96221405,0.23808579,0.8126026,0.8868774,0.81048054,0.8042285,0.12106133,0.6348196,0.8254526,0.9792002,0.761811
C1CC(C1)CN2CCC34C5C(CCC3(C2CC6=C4C(=C(C=C6)O)O5)O)O,0,0,0,1,1,1,1,0,1,0,0,1,0,0,1,0,1,0,0,1,1,1,1,1,1,1,1,0.52114415,0.79719293,0.019465236,0.75471234,0.880276,0.7730233,0.9463288,0.32119027,0.74408084,0.7214909,0.34195033,0.9500484,0.38101918,0.2004254,0.8099042,0.59477836,0.9754308,0.24298999,0.8406268,0.7883846,0.8071353,0.74911463,0.12455435,0.5520719,0.76140726,0.9612766,0.7215683
CCN1C(=O)C(NC1=O)C2=CC=CC=C2,0,0,0,1,1,1,1,0,0,0,1,1,0,0,0,1,1,0,0,0,1,0,0,0,0,1,0,0.7168564,0.8369254,0.0056340997,0.74739957,0.9169304,0.6621843,0.97285795,0.24767946,0.80081815,0.71018535,0.2705994,0.94738287,0.18602978,0.21880719,0.82740504,0.8697466,0.9568442,0.2145063,0.7400338,0.766525,0.8602999,0.8013645,0.05806562,0.5559075,0.7255055,0.9676301,0.7299842
C1=CC(=C(C=C1N/N=C/2\C=CC(=O)C(=C2)C(=O)O)C(=O)O)O,1,1,0,1,1,1,1,0,1,1,0,1,1,0,1,1,1,0,1,1,1,1,0,1,1,1,0,0.7750726,0.84541786,0.004987906,0.6789953,0.97295254,0.6851835,0.9905027,0.22002497,0.9145271,0.7215037,0.2208824,0.94353336,0.08466882,0.2319329,0.8682057,0.9500901,0.9676464,0.2352407,0.834805,0.85511523,0.8251867,0.9054685,0.040298294,0.47234792,0.6840883,0.98544425,0.8456587
CCOC(=O)C(CCC1=CC=CC=C1)NC(C)C(=O)N2CCCC2C(=O)O,1,1,0,1,1,1,1,0,1,1,0,1,1,0,1,1,1,0,1,1,1,1,0,1,1,1,1,0.51439404,0.76694643,0.008393262,0.6814475,0.8584236,0.6953935,0.956165,0.22158358,0.79870224,0.64172345,0.19460036,0.94987756,0.20870443,0.20723814,0.8252557,0.7353149,0.9513809,0.22654387,0.7488154,0.79442066,0.8130973,0.75004345,0.09185619,0.5114273,0.7938552,0.9535802,0.6946384
C[N+]1=CC=CC(=C1)OC(=O)N(C)C,0,0,0,1,1,1,1,0,1,1,0,1,0,0,1,0,1,0,1,1,1,1,0,1,1,1,1,0.42412186,0.66317284,0.004224645,0.5257284,0.76826197,0.5542708,0.9081361,0.15539937,0.6240332,0.36649048,0.19122934,0.8827876,0.12486419,0.11844673,0.7020971,0.634871,0.8757382,0.15817133,0.57726556,0.62712294,0.6840008,0.505758,0.042024054,0.32058835,0.572069,0.8720805,0.5587096
N#[N+][O-],0,1,0,0,1,0,1,0,0,0,0,1,0,1,1,1,0,0,0,1,1,0,1,0,1,1,1,0.44584295,0.7593521,0.0022341677,0.66917527,0.8468264,0.62945366,0.9450497,0.15965883,0.63751656,0.40537146,0.18564782,0.9311204,0.1262123,0.12297,0.7705507,0.6756123,0.9058174,0.16035132,0.6265394,0.72148675,0.7833324,0.5526774,0.031214813,0.36685148,0.6644489,0.90806025,0.6033068
CC1CCC2CC(C(=CC=CC=CC(CC(C(=O)C(C(C(=CC(C(=O)CC(OC(=O)C3CCCCN3C(=O)C(=O)C1(O2)O)C(C)CC4CCC(C(C4)OC)O)C)C)O)OC)C)C)C)OC,1,1,0,1,1,1,1,0,1,1,1,1,1,1,1,1,1,1,1,1,1,1,0,1,1,1,1,0.49679747,0.7895252,0.012300474,0.71662873,0.8692208,0.73920435,0.96007454,0.16828857,0.8966907,0.65542895,0.2962777,0.95012534,0.36050177,0.061084,0.82366854,0.6499361,0.98801976,0.24130487,0.8865787,0.75101256,0.7436849,0.7818627,0.083781354,0.48616883,0.70744365,0.97664124,0.72934854
C1=CC=C(C=C1)CC2NC3=C(C=C(C(=C3)C(F)(F)F)S(=O)(=O)N)S(=O)(=O)N2,0,1,0,0,1,1,1,0,0,1,0,1,0,0,1,1,1,0,0,0,0,1,0,0,0,1,1,0.91192466,0.98349124,0.0022240162,0.9374837,0.9966024,0.9532014,0.9992699,0.1885441,0.9629162,0.9337209,0.53117704,0.9940811,0.17495932,0.25064796,0.96448594,0.98536056,0.9967428,0.19477299,0.9427202,0.96026355,0.96218735,0.97882724,0.025098106,0.84120864,0.9073281,0.9988979,0.9114112
CC(=O)CCCCN1C(=O)C2=C(N=CN2C)N(C1=O)C,1,1,0,1,1,1,1,0,1,0,1,1,0,0,1,1,1,0,1,1,1,0,0,1,1,1,1,0.8128128,0.9309001,0.0077150105,0.8192085,0.97592646,0.88034487,0.99192786,0.26172227,0.8955392,0.7779624,0.4058245,0.9619724,0.19735087,0.2516207,0.86820394,0.91869384,0.97556925,0.24457163,0.8658444,0.90098983,0.8512758,0.90827924,0.056702662,0.64188033,0.78588855,0.9875453,0.8686505
CCNC(=O)C1CCCN1C(=O)C(CCCN=C(N)N)NC(=O)C(CC(C)C)NC(=O)C(CC(C)C)NC(=O)C(CC2=CC=C(C=C2)O)NC(=O)C(CO)NC(=O)C(CC3=CNC4=CC=CC=C43)NC(=O)C(CC5=CN=CN5)NC(=O)C6CCC(=O)N6,1,1,0,1,1,1,1,1,1,1,1,1,1,1,1,1,1,0,1,1,1,1,0,1,1,1,1,0.55634546,0.86532915,0.06094604,0.6375138,0.88898367,0.7590901,0.9694957,0.36656487,0.79193276,0.6827688,0.44905493,0.9138175,0.34614813,0.15931246,0.84980947,0.7017978,0.9454572,0.3106495,0.855412,0.817944,0.6955876,0.78237605,0.22047356,0.5994213,0.75400984,0.9820846,0.7313874
CCN[C@H]1CN(S(=O)(=O)C2=C1C=C(S2)S(=O)(=O)N)CCCOC.CC(C)(C)NC[C@@H](COC1=NSN=C1N2CCOCC2)O,0,0,0,1,1,1,1,0,1,0,0,1,0,0,1,0,1,0,1,1,1,0,0,0,0,1,0,0.9234475,0.9892151,0.001718581,0.93527824,0.9988223,0.95942867,0.99978393,0.15929243,0.9863638,0.9058122,0.42369664,0.9970897,0.08179948,0.17937404,0.9850928,0.98872405,0.99893814,0.20771906,0.9686414,0.97487134,0.9688599,0.9922488,0.018591374,0.7858392,0.92254335,0.9997228,0.94993055
COC1=CC=CC=C1OCCNCC(COC2=CC=CC3=C2C4=CC=CC=C4N3)O,1,1,0,1,1,1,1,1,1,1,0,1,0,1,1,1,1,0,1,1,1,1,0,1,1,1,1,0.63665223,0.8914361,0.0051479293,0.8264822,0.91691524,0.8540927,0.9819094,0.20057297,0.7179934,0.74486005,0.27775165,0.9717309,0.24167258,0.13542242,0.86885774,0.7868403,0.9776513,0.13819605,0.8042015,0.8634852,0.87175053,0.7544678,0.05291149,0.6773137,0.86849326,0.9855585,0.7528538
C1CN2C(=NN=C2C(F)(F)F)CN1C(=O)C[C@@H](CC3=CC(=C(C=C3F)F)F)N,1,1,0,1,1,1,1,0,1,1,0,1,0,0,1,0,1,0,1,1,1,1,0,1,1,1,1,0.8802836,0.9775189,0.0024417404,0.9392329,0.99640083,0.95186627,0.9991885,0.22744797,0.9526714,0.9125432,0.6065723,0.99354136,0.17400935,0.2625331,0.96053195,0.97269225,0.9954471,0.16872759,0.9448809,0.96989834,0.9373553,0.97186184,0.025460716,0.79439485,0.9146685,0.99868494,0.92062825
CC1CCN(CC1N(C)C2=NC=NC3=C2C=CN3)C(=O)CC#N,1,1,0,0,1,1,1,0,0,0,1,1,0,0,1,1,1,0,1,1,1,0,0,0,0,1,0,0.72065264,0.8453544,0.024820182,0.74803734,0.91107744,0.77742594,0.9601333,0.36233437,0.7877129,0.7392517,0.40037978,0.9149652,0.2972335,0.28593248,0.7983644,0.80876815,0.9310566,0.2866888,0.7998209,0.8003255,0.79736257,0.7881394,0.12219126,0.594467,0.7369165,0.95453846,0.774428
CC(C)(C1=CC=C(C=C1)C(CCCN2CCC(CC2)C(C3=CC=CC=C3)(C4=CC=CC=C4)O)O)C(=O)O,0,1,0,1,1,1,1,0,1,1,0,1,0,0,1,0,1,0,1,1,1,1,0,1,1,1,1,0.5949244,0.86349726,0.016370038,0.83965117,0.89550257,0.8141796,0.9771075,0.33776745,0.74774146,0.7999944,0.32013214,0.9670387,0.3458131,0.25638938,0.86933374,0.7292732,0.9726901,0.24500452,0.7990039,0.8579123,0.8543526,0.8234729,0.12528701,0.7227372,0.89827245,0.9821938,0.73797077
CC(C(C1=CC=CC=C1)O)NC,0,1,0,0,1,1,1,0,0,1,0,1,0,0,1,0,1,0,0,1,1,1,0,1,1,1,0,0.3617108,0.76935375,0.0018322433,0.7130914,0.79222256,0.6559915,0.9476697,0.11945614,0.6050905,0.43314704,0.14277157,0.96929055,0.12142071,0.10038847,0.8214146,0.55292785,0.94058466,0.11125228,0.6005964,0.7598996,0.83944565,0.5614468,0.03377012,0.4491609,0.8164712,0.94816166,0.5953856
C(CC(=O)O)C(=O)CN,1,0,0,1,1,0,1,0,0,0,1,1,0,0,1,1,1,0,1,1,1,0,0,0,1,1,1,0.27419305,0.5962758,0.003293574,0.42964065,0.67154086,0.5232576,0.8562613,0.118308745,0.5413881,0.22923625,0.14898916,0.87141865,0.108984075,0.0840816,0.65723145,0.4519207,0.8276895,0.1366671,0.5498329,0.6114439,0.5822575,0.3673289,0.036883302,0.25242478,0.52488494,0.7975454,0.49326283
CC(CC1=CC=C(C=C1)O)(C(=O)O)N,0,0,0,0,1,1,1,0,1,1,0,1,0,0,0,1,1,0,0,1,1,1,0,0,0,1,0,0.43898353,0.73005885,0.0035848867,0.5966896,0.8098014,0.6119971,0.92752165,0.16001078,0.66072965,0.4360413,0.19808695,0.9249429,0.13726038,0.12282435,0.758416,0.65480065,0.9084184,0.1573759,0.62149704,0.6971148,0.7608871,0.5704255,0.041365605,0.37015474,0.66294456,0.9114556,0.5983815
CC(C1=C(C=CC(=C1Cl)F)Cl)OC2=C(N=CC(=C2)C3=CN(N=C3)C4CCNCC4)N,1,1,0,1,1,1,1,0,0,0,0,1,0,0,1,1,1,1,1,1,0,1,0,0,1,1,0,0.7511744,0.9167571,0.0112233525,0.84366703,0.9617055,0.8898764,0.9877908,0.3121032,0.83622605,0.8018292,0.43466762,0.9616172,0.2569065,0.26278245,0.880059,0.86217344,0.9729427,0.2139866,0.85383075,0.91103333,0.83250105,0.8599716,0.075577945,0.66724247,0.84099203,0.98752046,0.81255716
CC1=NC=C(N=C1)C(=O)NCCC2=CC=C(C=C2)S(=O)(=O)NC(=O)NC3CCCCC3,1,1,0,1,1,1,1,0,1,0,0,1,1,0,1,1,1,1,1,1,1,1,0,1,1,1,1,0.7799918,0.90474963,0.025724048,0.80124956,0.96351177,0.8399283,0.9846513,0.3286416,0.8688574,0.78655136,0.412532,0.9486696,0.25116923,0.3303811,0.8856878,0.90849423,0.9649396,0.3281669,0.83989334,0.8637815,0.8438513,0.88542277,0.13000944,0.6489751,0.77392936,0.98070425,0.7875403
CC1(OC2CC3C4CC(C5=CC(=O)C=CC5(C4C(CC3(C2(O1)C(=O)CO)C)O)C)F)C,0,1,0,1,1,1,1,0,1,1,0,1,1,0,1,1,1,0,1,1,1,0,0,1,1,1,1,0.31487602,0.50652754,0.030929005,0.6894428,0.5488875,0.5398866,0.6079419,0.04680618,0.7443664,0.57313305,0.21194398,0.78218216,0.57445484,0.03762069,0.5090782,0.3179164,0.9837505,0.24533512,0.8389176,0.51724654,0.5379186,0.3584015,0.05300349,0.32573134,0.4229609,0.7553189,0.5486258
C(=NC(=N)N)(N)N,0,0,0,0,0,0,0,0,1,0,0,1,0,0,0,0,1,0,0,0,0,0,0,0,0,0,0,0.55497456,0.7696282,0.0018012844,0.6362951,0.8882179,0.64347225,0.96553916,0.15465786,0.74891627,0.44896397,0.18417476,0.94651055,0.09251219,0.1332286,0.79470354,0.7955461,0.937639,0.17955855,0.67987627,0.75785094,0.8090242,0.6867273,0.03173646,0.3801565,0.6425845,0.93984246,0.7028912
CN(C)CCCN1C2=CC=CC=C2CCC3=CC=CC=C31,1,1,0,1,1,0,1,0,1,1,0,1,1,0,1,1,1,0,1,1,1,1,0,1,1,1,1,0.6514884,0.8935308,0.008249788,0.8302709,0.9033756,0.8027697,0.9711717,0.31466687,0.7205038,0.7920579,0.27199346,0.96684444,0.300284,0.24404976,0.88547146,0.7705373,0.9663185,0.17051898,0.7588716,0.847395,0.8808024,0.75723755,0.09181348,0.69029033,0.8640143,0.9786943,0.75289047
CC1(C(N2C(S1)C(C2=O)NC(=O)C(C3=CC=CC=C3)N)C(=O)[O-])C,0,0,0,0,1,0,1,0,1,0,0,0,0,0,0,1,1,0,1,1,0,0,0,0,0,0,0,0.5641743,0.65413094,0.022391455,0.5565564,0.8576007,0.517283,0.9301214,0.1968889,0.81743956,0.65590674,0.20995842,0.85833937,0.19745173,0.1857036,0.7438233,0.80564,0.92572993,0.24246673,0.7873771,0.6365154,0.736915,0.76556903,0.088488586,0.4165832,0.59653634,0.9289132,0.6832584
C[C@@H]1CCO[C@@H]2N1C(=O)C3=C(C(=O)C(=CN3C2)C(=O)NCC4=C(C=C(C=C4)F)F)[O-].[Na+],1,1,0,0,1,1,1,0,1,0,0,1,1,0,0,1,1,0,1,0,1,1,0,1,0,1,0,0.8078706,0.89373183,0.012171334,0.8276405,0.9837676,0.8411975,0.99304307,0.30042508,0.91133064,0.8645418,0.46089187,0.9579594,0.19127959,0.31036013,0.91492045,0.9338464,0.9750641,0.20368317,0.8471629,0.8943736,0.8657571,0.9264785,0.07262619,0.70366,0.8366834,0.9940643,0.82276344
C1=NC(=O)NC(=C1F)N,1,1,0,0,1,0,1,0,1,0,0,1,0,0,1,1,1,0,0,1,1,1,0,1,1,1,1,0.660533,0.81801486,0.0040011727,0.6822927,0.88749206,0.71679527,0.9596756,0.2182787,0.7392228,0.52414364,0.29206002,0.9392599,0.15287259,0.15661642,0.75821877,0.79332477,0.9271849,0.19409609,0.69553405,0.74514186,0.80868506,0.6987565,0.044637375,0.47075555,0.64284915,0.9333933,0.7253576
CC(C1=CC=CC=C1)(C2=CC=C(C=C2)Cl)OCCC3CCCN3C,0,1,0,1,0,0,1,0,1,0,0,1,0,0,1,1,1,0,1,1,1,1,0,1,1,1,1,0.51695037,0.76390064,0.018470328,0.76628524,0.7820035,0.72867167,0.92856294,0.3126666,0.669157,0.64339834,0.29858524,0.9397304,0.3180537,0.27631554,0.78644043,0.6189272,0.9310835,0.25915682,0.6680112,0.76873356,0.8239092,0.7204497,0.13999094,0.60162485,0.81820345,0.9396647,0.64194685
C[C@H](C(=O)N)NC(=O)[C@@H]1CCCN1C(=O)[C@H](CCCCNC(C)C)NC(=O)[C@H](CC(C)C)NC(=O)[C@@H](CC2=CC=C(C=C2)NC(=O)N)NC(=O)[C@H](CC3=CC=C(C=C3)NC(=O)[C@@H]4CC(=O)NC(=O)N4)NC(=O)[C@H](CO)NC(=O)[C@@H](CC5=CN=CC=C5)NC(=O)[C@@H](CC6=CC=C(C=C6)Cl)NC(=O)[C@@H](CC7=CC8=CC=CC=C8C=C7)NC(=O)C,1,1,0,1,1,1,1,1,1,1,0,1,0,0,1,1,1,0,1,1,1,1,0,0,1,1,1,0.51056504,0.8311397,0.075791866,0.581607,0.8773073,0.69533676,0.9630276,0.2860431,0.74205893,0.59842217,0.48028907,0.8490121,0.31991872,0.124009006,0.78907186,0.62898564,0.91930073,0.31989,0.85351956,0.78139484,0.6134316,0.707561,0.24278004,0.49880043,0.660748,0.9882003,0.7073436
[Y],0,0,0,0,0,0,0,0,0,0,1,0,0,0,0,0,0,0,0,0,0,0,0,0,0,0,0,0.21145108,0.509968,0.0046647615,0.40614128,0.5327211,0.48807797,0.796083,0.098496296,0.40732804,0.2101078,0.14366809,0.77474356,0.10022292,0.0769128,0.5724747,0.37636244,0.6491225,0.09105595,0.5598483,0.51395464,0.48528233,0.25821528,0.039519057,0.28722608,0.47600293,0.67736346,0.47136524
CN(C)CCCC1(C2=C(CO1)C=C(C=C2)C#N)C3=CC=C(C=C3)F,1,1,0,1,1,1,1,1,1,1,1,1,1,1,1,1,1,1,1,1,1,1,1,1,1,1,1,0.6640665,0.8719795,0.01978624,0.8122977,0.90458,0.80389816,0.96618026,0.37821123,0.7594665,0.7871649,0.36343488,0.9527376,0.34972683,0.3311231,0.8558724,0.77525157,0.9500487,0.24217324,0.7656843,0.8491097,0.8536746,0.7792021,0.112059996,0.6742708,0.8349656,0.9690617,0.75299895
C[C@@H]1CC[C@H]2C[C@@H](/C(=C/C=C/C=C/[C@H](C[C@H](C(=O)[C@@H]([C@@H](/C(=C/[C@H](C(=O)C[C@H](OC(=O)[C@@H]3CCCCN3C(=O)C(=O)[C@@]1(O2)O)[C@H](C)C[C@@H]4CC[C@H]([C@@H](C4)OC)OCCO)C)/C)O)OC)C)C)/C)OC,1,1,0,1,1,1,1,0,1,1,1,1,1,0,1,1,1,1,1,1,1,1,0,0,1,1,1,0.4363581,0.77551883,0.01399992,0.62998056,0.84175146,0.6817482,0.8981924,0.08692683,0.9091723,0.6626196,0.3078145,0.9115257,0.32231256,0.04382703,0.73603725,0.6281931,0.98451483,0.14631468,0.85886806,0.6898522,0.67706066,0.59807694,0.05148331,0.4113709,0.67514586,0.9411684,0.6747367
CC1=NC=C2N1C3=C(C=C(C=C3)Cl)C(=NC2)C4=CC=CC=C4F,0,0,0,1,1,1,1,1,1,0,0,1,0,0,1,0,1,0,1,1,1,0,0,1,1,1,1,0.852685,0.9656122,0.0019618333,0.8911644,0.9892034,0.91899645,0.9972773,0.23022507,0.8864348,0.8610962,0.4047433,0.97895366,0.17901915,0.1668402,0.928003,0.9474865,0.98950785,0.1492662,0.91163963,0.94458264,0.8781119,0.92676616,0.027460698,0.7061323,0.8558074,0.9967591,0.88220334
CC1(CC(=O)N(C1=O)C)C2=CC=CC=C2,0,1,0,1,1,0,1,0,0,0,0,1,0,0,1,1,1,0,0,1,1,1,0,0,0,1,0,0.740505,0.8521334,0.0072111534,0.7804041,0.9410374,0.69154245,0.9797506,0.27543378,0.845649,0.7900962,0.30339575,0.9562711,0.20613119,0.26705322,0.8547204,0.894327,0.96385914,0.2391844,0.80007964,0.81320804,0.8844482,0.8575568,0.066140756,0.59795696,0.7709105,0.976112,0.779869
CN1C2=C(C(=O)N(C1=O)C)N(C=N2)CC(CO)O,0,1,0,0,0,1,1,0,0,0,0,0,1,0,1,0,0,0,0,1,1,1,0,0,1,1,1,0.83362424,0.94846946,0.0048030927,0.8564191,0.9833456,0.906185,0.9953974,0.23332244,0.91510487,0.79466915,0.3807491,0.9763392,0.16698614,0.23120664,0.8886882,0.93808013,0.98298186,0.21534465,0.88813937,0.92338395,0.89166856,0.93195057,0.03998099,0.6586332,0.8314702,0.99125457,0.8927398
CCCC1CC(N(C1)C)C(=O)NC(C2C(C(C(C(O2)SC)O)O)O)C(C)Cl,1,0,0,0,1,1,1,0,1,1,0,1,1,0,1,1,1,0,1,1,0,1,1,1,1,1,1,0.4007288,0.595549,0.042181037,0.5590691,0.69044656,0.53150964,0.807497,0.18769394,0.6879896,0.26543468,0.21533369,0.8770344,0.13806562,0.1496546,0.6337464,0.5310874,0.8483772,0.269465,0.6123799,0.6123609,0.48478907,0.52561784,0.08932539,0.47352558,0.5219179,0.68419886,0.6506608
CCC[C@@H](C(=O)C(=O)NC1CC1)NC(=O)[C@@H]2[C@H]3CCC[C@H]3CN2C(=O)[C@H](C(C)(C)C)NC(=O)[C@H](C4CCCCC4)NC(=O)C5=NC=CN=C5,1,1,1,1,1,1,1,0,1,1,0,1,1,0,1,1,1,0,1,0,0,1,1,0,0,1,1,0.53092206,0.78900725,0.030441282,0.665445,0.88176334,0.75565493,0.92555076,0.29019055,0.8034888,0.67975676,0.45969075,0.93464696,0.35801408,0.1708493,0.819559,0.65289915,0.946025,0.29238835,0.7710185,0.7604668,0.7462758,0.7405829,0.18075283,0.46124884,0.74665886,0.94679695,0.71610516
CCC1C(C(C(C(=O)C(CC(C(C(C(C(C(=O)O1)C)OC2CC(C(C(O2)C)O)(C)OC)C)OC3C(C(CC(O3)C)N(C)C)OC(=O)CCC(=O)OCC)(C)O)C)C)O)(C)O,1,1,0,0,1,0,1,0,1,0,0,0,0,0,0,0,1,0,1,0,0,0,0,1,1,1,1,0.4670271,0.6488037,0.04022659,0.60341066,0.6043291,0.5247965,0.80603826,0.06554703,0.8432009,0.3733222,0.14256416,0.8812797,0.2008055,0.046243295,0.5769197,0.55925614,0.97461545,0.23401716,0.80856735,0.6266017,0.4793971,0.5105914,0.036948733,0.47411668,0.5153414,0.7451937,0.6021424
CC(=O)NC1=CC=C(C=C1)O.CC(C1=CC=CC=C1)(C2=CC=CC=N2)OCCN(C)C.CN1CC[C@]23[C@@H]4[C@H]1CC5=C2C(=C(C=C5)OC)O[C@H]3[C@H](C=C4)O.C(CC(=O)O)C(=O)O.OP(=O)(O)O,1,1,0,1,1,1,1,0,1,1,0,1,0,1,1,1,1,0,1,1,1,1,0,1,1,1,1,0.43267822,0.76936203,0.1334293,0.48272657,0.8188073,0.70263124,0.9157975,0.31127742,0.7658204,0.49497998,0.39097193,0.80183846,0.29355028,0.20687293,0.73135674,0.6284562,0.9070432,0.30888933,0.7705141,0.70176524,0.58305126,0.7038734,0.20303534,0.43786857,0.6357075,0.9439261,0.6673021
CCC1(C(=O)NC(=O)NC1=O)C2=CC=CC=C2,1,1,0,0,1,1,1,1,1,0,0,1,0,0,1,1,1,1,0,1,1,1,0,1,1,1,0,0.84356844,0.90726143,0.005959893,0.8291954,0.97510386,0.7560705,0.99204856,0.2826103,0.90316945,0.853254,0.31869122,0.96905017,0.17081505,0.29705706,0.89532375,0.95151675,0.97823113,0.25494185,0.8625596,0.8747398,0.9128986,0.9243011,0.053865705,0.6644323,0.7995294,0.9902356,0.84855986
C1(C(C(C(C(C1Cl)Cl)Cl)Cl)Cl)Cl,0,0,0,0,0,0,0,0,0,0,0,1,0,0,0,0,1,0,0,0,0,0,0,0,0,1,1,0.27178732,0.5078257,0.009483864,0.5212183,0.6146228,0.42420113,0.71101516,0.077947386,0.583416,0.21331622,0.16640052,0.8408993,0.09452848,0.055518433,0.63422513,0.39829236,0.81587815,0.15207069,0.54195696,0.5356201,0.3912191,0.30332163,0.033491038,0.33222905,0.4316506,0.63565636,0.50459737
C1COCC2=C1N=CC3=N/C(=C\4/C=CON4)/N=C23.OP(=O)(O)O,0,1,0,0,1,1,1,0,1,0,0,1,0,0,1,1,1,1,1,1,1,0,0,0,1,1,1,0.872723,0.9663499,0.0071961894,0.8109302,0.9941093,0.88807994,0.99824905,0.2555431,0.95885193,0.790824,0.31252912,0.97947985,0.09464496,0.2696583,0.9391096,0.976004,0.98947525,0.28402004,0.92914665,0.93359816,0.8897277,0.9703579,0.035886478,0.60299665,0.81702775,0.99670225,0.9215102
CCN1C2=CC3=C(C=C2C(=O)C(=N1)C(=O)O)OCO3,0,1,0,1,0,0,1,0,1,0,0,1,0,0,0,1,1,0,0,0,1,0,0,1,0,1,0,0.83421016,0.9402864,0.00409129,0.820843,0.98608404,0.8647862,0.99572647,0.28592315,0.9246662,0.8269707,0.33298612,0.97122824,0.1434204,0.26357913,0.91083926,0.9447807,0.9851532,0.20528382,0.88167197,0.9245815,0.8718215,0.93073744,0.03778196,0.6365532,0.81759167,0.99360424,0.8876632
CC1=CC=CC=C1O[C@H](CCNC)C2=CC=CC=C2.Cl,1,1,0,1,1,1,1,0,0,1,0,1,0,0,1,0,1,0,1,1,1,1,0,1,1,1,1,0.2927747,0.6663954,0.0036118648,0.6472506,0.7187487,0.6576044,0.913075,0.10692848,0.5692187,0.46894777,0.15939021,0.9268917,0.1433312,0.08914984,0.7683982,0.5357325,0.91073114,0.10814764,0.5768049,0.64727926,0.74747664,0.4825384,0.044960946,0.40758857,0.7357776,0.9133149,0.50941515
CCN1CC(C(C1=O)(C2=CC=CC=C2)C3=CC=CC=C3)CCN4CCOCC4,0,0,0,1,1,0,1,0,0,0,0,1,0,0,1,1,1,0,0,1,1,1,0,0,1,1,1,0.63564014,0.8712027,0.014216197,0.8509181,0.9210613,0.80924034,0.9803695,0.35997826,0.77875733,0.8365988,0.31320986,0.9657931,0.3455249,0.2856635,0.88697314,0.75582796,0.9758646,0.2184936,0.8280073,0.86337817,0.8674609,0.8327108,0.11612298,0.7297094,0.8801722,0.98380256,0.7548704
CN(C)CCC1=CNC2=C1C=C(C=C2)CN3C=NC=N3,0,1,0,1,1,1,1,0,1,1,0,1,0,0,1,0,1,0,1,1,1,1,0,1,1,1,1,0.73888135,0.90414155,0.008293312,0.82389396,0.9217057,0.8377893,0.97670734,0.3067624,0.75641793,0.7476278,0.34541523,0.9565861,0.27839863,0.19483124,0.84419876,0.82840264,0.96308434,0.2016565,0.80456996,0.84695506,0.8623081,0.78039634,0.072109856,0.65313727,0.79905546,0.97603035,0.8054514
C1=CC(=C(C(=C1)Cl)SC(CCC2=CC=C(C=C2)Cl)CN3C=CN=C3)Cl.[N+](=O)(O)[O-],0,0,0,0,0,1,1,0,0,1,0,1,0,0,0,0,1,0,0,0,0,0,0,0,0,0,0,0.68515694,0.820402,0.017604506,0.7265418,0.9209076,0.76305354,0.96584463,0.27982116,0.82226044,0.7323799,0.34104759,0.90989435,0.21107374,0.27514863,0.7987645,0.8279872,0.942464,0.252253,0.77237874,0.8037247,0.7760503,0.8016744,0.0802431,0.55557334,0.7317964,0.9577331,0.7035975
C[C@]12CCC(=O)C=C1[C@@H]3C[C@@H]3[C@@H]4[C@@H]2CC[C@]5([C@H]4[C@@H]6C[C@@H]6[C@@]57CCC(=O)O7)C.C[C@]12CC[C@H]3[C@H]([C@@H]1CC[C@]2(C#C)O)CCC4=C3C=CC(=C4)O,0,0,0,0,1,0,1,0,0,1,0,0,0,0,1,0,1,0,0,0,1,0,0,0,1,1,0,0.27606517,0.47747657,0.00020882912,0.6143152,0.8441511,0.5174328,0.6551391,0.0013052357,0.93332994,0.74491435,0.27529645,0.8581707,0.51677877,0.0010231069,0.6642728,0.1249673,0.99993765,0.019308692,0.88122183,0.337209,0.7467038,0.06601361,0.0021758988,0.14092408,0.6898508,0.96843374,0.34352997
CN(C)NN=C1C(=NC=N1)C(=O)N,1,1,0,1,1,1,1,0,1,0,0,1,0,0,1,1,1,0,1,0,1,0,0,0,1,1,1,0.8959546,0.9178677,0.0027264266,0.82248586,0.99041677,0.76688796,0.9970163,0.21794099,0.95593643,0.8332292,0.24674565,0.97970736,0.08594155,0.27192438,0.9254683,0.9797141,0.9863202,0.2629111,0.89507127,0.91185546,0.9327934,0.9664424,0.03303902,0.59375846,0.7919093,0.9949301,0.91785234
CC1=CC(=C(C=C1)SC2=CC=CC=C2N3CCNCC3)C,0,1,0,0,0,0,1,0,1,1,0,0,0,0,1,1,1,0,1,1,1,0,0,1,0,1,0,0.5841364,0.7970675,0.009445717,0.7436691,0.8430689,0.7224021,0.94281197,0.2865398,0.69082546,0.66561323,0.27725923,0.9326723,0.27534655,0.21664919,0.8074765,0.6906078,0.9406247,0.18293169,0.69423467,0.7690879,0.8119015,0.66164446,0.097095035,0.5774326,0.7723658,0.9493378,0.6529393
CCC(C(=O)N)N1CCCC1=O,1,1,0,1,1,1,1,1,1,1,0,1,0,0,0,1,1,1,1,1,1,1,1,1,0,1,1,0.43946132,0.74310017,0.0036735612,0.629315,0.83960164,0.64583486,0.939869,0.19546613,0.7144386,0.46209702,0.19484712,0.9419427,0.16511185,0.15833311,0.79606014,0.6584297,0.92857593,0.19434972,0.6854819,0.7573673,0.7970664,0.63343406,0.062232643,0.40391085,0.7021952,0.9266068,0.651502
C1=CC(=C(C=C1N)O)C(=O)O,1,1,0,0,1,1,1,0,1,0,1,0,1,0,1,1,1,0,1,0,0,1,0,0,1,1,0,0.46444562,0.7407353,0.0024303372,0.58647525,0.83764356,0.6223628,0.9454069,0.15515074,0.68613064,0.41521868,0.18244249,0.926227,0.1036544,0.11577753,0.762951,0.6988565,0.9196414,0.14350517,0.6214578,0.7133905,0.7428021,0.5777595,0.035078224,0.36865115,0.6397772,0.91705287,0.61402434
CCC1=CN=C(C=C1)CCOC2=CC=C(C=C2)CC3C(=O)NC(=O)S3,1,1,0,1,1,1,1,1,1,1,1,1,0,0,1,1,1,1,1,1,1,1,1,1,1,1,1,0.6202611,0.8024,0.010193739,0.6753548,0.88954777,0.6786514,0.9566208,0.2910707,0.7811844,0.6670709,0.26166713,0.924015,0.21270283,0.21844,0.81075996,0.7839558,0.9446238,0.20538205,0.7372306,0.75859886,0.80114573,0.7155292,0.0780823,0.54078466,0.7028199,0.95504487,0.6971689
CC1CNCCC2=C1C=C(C=C2)Cl,0,1,0,1,0,1,1,1,1,0,0,1,0,0,1,0,1,0,1,1,1,0,0,0,1,1,1,0.44608936,0.7757296,0.0043663355,0.7046582,0.82916,0.71064943,0.93678397,0.23328465,0.65497226,0.5315302,0.22887526,0.9499539,0.20327604,0.18079479,0.80693716,0.6088807,0.9287626,0.16466562,0.65775174,0.77827287,0.8195651,0.6004261,0.07399884,0.48833233,0.7768511,0.94108504,0.62064093
CC(=O)CC(C1=CC=CC=C1)C2=C(OC3=CC=CC=C3C2=O)[O-],1,0,0,0,1,1,1,0,1,1,1,1,0,0,1,1,1,0,1,1,0,1,0,0,1,1,1,0.68489265,0.8550499,0.008044245,0.7739218,0.89716905,0.7473627,0.9703382,0.2679686,0.74334425,0.7371592,0.3271858,0.9361645,0.24951288,0.1892458,0.79821074,0.80302364,0.95427024,0.18724222,0.7487306,0.7882221,0.8136237,0.7562722,0.05988122,0.6033146,0.7585568,0.96850866,0.7315984
C[C@@H]1[C@@H]2[C@H](C(=O)N2C(=C1S[C@H]3CC[C@H](N3)C(=O)N(C)C)C(=O)O)[C@@H](C)O,1,1,0,0,1,1,1,0,1,1,0,1,0,0,1,1,1,0,1,1,1,1,0,0,1,1,1,0.51773715,0.7562277,0.017316835,0.56994694,0.89201444,0.61994827,0.9309476,0.15838479,0.86555344,0.63351583,0.22709742,0.8915441,0.17629352,0.14280589,0.77575856,0.83218586,0.9218374,0.2447122,0.7908295,0.7020324,0.73323745,0.7574037,0.08898393,0.41276693,0.62309396,0.9160025,0.73043644
CC1=C(C(=C(C2=C1COC2=O)O)CC=C(C)CCC(=O)O)OC,1,1,0,1,1,1,1,1,1,1,1,1,1,0,1,1,1,1,1,1,1,1,1,1,1,1,1,0.6728268,0.8197199,0.013822761,0.6423636,0.9365713,0.70331097,0.9703606,0.28424278,0.85839844,0.6697791,0.27169436,0.9220973,0.17446089,0.28955942,0.8212641,0.86035603,0.9408197,0.2597816,0.7645953,0.82281435,0.7698899,0.81500894,0.07597403,0.51011294,0.6704315,0.9620867,0.7758233
C(CO)N(C1=C(C(=C(C(=C1I)C(=O)NCC(CO)O)I)C(=O)NCC(CO)O)I)C(=O)CO,0,1,0,1,1,1,1,0,1,0,0,1,0,1,1,1,1,0,1,1,1,1,0,1,1,1,1,0.75062966,0.91810745,0.010545249,0.83501345,0.9907188,0.88875836,0.9973538,0.16129324,0.95578027,0.74593556,0.27116492,0.98160595,0.10558865,0.390848,0.9311563,0.93185145,0.986875,0.24282438,0.90119696,0.9598178,0.8806135,0.9519019,0.036704864,0.6432772,0.8711118,0.99379915,0.9026048
CCC#CC(C)C1(C(=O)NC(=O)N(C1=O)C)CC=C,0,0,0,0,1,1,1,0,1,0,0,1,0,0,1,0,1,0,1,1,1,0,0,0,1,1,1,0.68597484,0.74673647,0.017372124,0.6092554,0.9381456,0.6225842,0.96604264,0.22469102,0.8753764,0.68331003,0.25629815,0.90513927,0.15772144,0.26560992,0.80146164,0.905241,0.9406587,0.29942393,0.8021605,0.7687746,0.80034304,0.84077424,0.07231353,0.45700887,0.62190604,0.95785725,0.7907561
CC1=C(C(=O)C2=CC=CC=C2C1=O)CC=C(C)CCCC(C)CCCC(C)CCCC(C)C,1,0,0,0,1,1,0,0,1,0,0,1,0,0,1,0,1,0,0,1,0,0,0,0,1,1,0,0.6763437,0.8919179,0.027167065,0.79974633,0.9399405,0.81645525,0.9770712,0.32503042,0.83107424,0.76037437,0.45464346,0.97366863,0.26914796,0.3311839,0.8967905,0.8718801,0.9623814,0.3636135,0.8365483,0.899329,0.86291873,0.8763196,0.12757851,0.69372135,0.8630638,0.97226137,0.85393643
CN1C=NC2=C1C(=O)N(C(=O)N2C)C,0,1,0,1,1,0,1,0,1,0,0,1,0,0,1,1,1,0,1,1,1,1,0,1,1,1,1,0.82643956,0.9252911,0.0050426763,0.80898404,0.975114,0.863182,0.99184,0.2494516,0.8920839,0.75594497,0.3924064,0.9551137,0.1774425,0.21124238,0.8402325,0.9221546,0.97261536,0.21206883,0.8460321,0.8778488,0.8524339,0.8988595,0.040469564,0.61770856,0.7431841,0.9855504,0.866735
CC1=CC(=C(C(=C1NC(=O)CN(CC(=O)O)CC(=O)O)C)Br)C,0,0,0,0,0,0,1,0,0,0,0,1,0,0,0,0,1,0,0,0,0,0,0,0,0,0,0,0.46321738,0.6388988,0.013092879,0.46621317,0.8211273,0.5961195,0.9123974,0.1857616,0.71730155,0.42456388,0.21095867,0.8283146,0.13243641,0.17430383,0.6987461,0.6977731,0.8621598,0.21795653,0.64791715,0.6766213,0.6007097,0.6004354,0.06879161,0.35040456,0.5248478,0.8697459,0.59239924
CC12CCC3C(C1CCC2=O)CCC4=C3C=CC(=C4)O,1,1,0,1,1,1,1,0,1,1,1,1,0,0,1,0,1,1,1,1,1,0,0,0,1,1,0,0.44240353,0.7327973,0.028788013,0.7165272,0.78851175,0.70796096,0.87681615,0.29244542,0.66921973,0.68005353,0.36357212,0.9192443,0.43636212,0.2216642,0.7464944,0.51526386,0.93672013,0.3231833,0.72408944,0.71692365,0.77177644,0.6851753,0.16758382,0.47487843,0.68618613,0.90602225,0.6771727
C1C(C(OC1N2C=C(C(=O)NC2=O)F)CO)O,1,1,0,1,1,1,1,0,1,0,0,1,0,0,1,1,1,0,1,1,1,0,0,0,1,1,0,0.68446827,0.8333027,0.009262598,0.7169741,0.90222234,0.76497585,0.96383667,0.24371772,0.78763,0.567087,0.32001993,0.9494036,0.17985454,0.20218213,0.77706695,0.8170279,0.9348238,0.26838455,0.74054366,0.7955269,0.83680135,0.7766452,0.0666418,0.52761763,0.70717686,0.9357393,0.749043
C1CN(CCN1CCCN2C3=CC=CC=C3SC4=C2C=C(C=C4)C(F)(F)F)CCO,1,1,0,1,1,1,1,0,1,1,0,1,0,0,1,1,1,0,1,1,1,1,0,0,1,1,1,0.77887875,0.9517266,0.004802705,0.9182038,0.9839025,0.9230264,0.9960884,0.30967164,0.85364795,0.884444,0.5078461,0.98762244,0.26103377,0.27599832,0.9482378,0.90820515,0.99085546,0.17871547,0.89613616,0.95170987,0.9054097,0.9172438,0.05774055,0.7381068,0.9155611,0.9962115,0.8415801
C1=CC=C(C=C1)CO,0,0,0,1,0,0,0,0,0,0,0,1,0,0,0,0,1,0,1,0,0,0,0,0,0,1,1,0.3348859,0.66655964,0.0018230504,0.58567226,0.7039456,0.52896,0.90994465,0.1174816,0.53071517,0.3369979,0.14615567,0.9281438,0.105771594,0.08004785,0.72383255,0.49587914,0.90581375,0.10769704,0.5170663,0.612861,0.72809905,0.46058193,0.030248018,0.3399564,0.6705243,0.8960509,0.48832837
CN(C)C(=O)OC1=CC=CC(=C1)[N+](C)(C)C,0,0,0,1,1,1,1,0,1,0,0,1,0,0,1,0,1,0,0,1,1,1,0,0,1,1,1,0.45039123,0.7050208,0.0076563377,0.6065978,0.7710081,0.5826971,0.9066414,0.18704684,0.61427885,0.41331768,0.2279774,0.8964115,0.17200114,0.16431263,0.7378712,0.6325351,0.8724406,0.20056902,0.56908417,0.6721903,0.731492,0.59054625,0.05670631,0.37035537,0.63238096,0.8836344,0.5762236
C1CN(CCC1N2C3=CC=CC=C3NC2=O)CCCC(C4=CC=C(C=C4)F)C5=CC=C(C=C5)F,0,1,0,1,1,1,1,0,0,1,0,1,1,0,1,1,1,0,0,0,1,1,0,0,1,1,1,0.7043183,0.92576045,0.008782919,0.8716459,0.9483352,0.89072,0.9893267,0.29179722,0.7429398,0.82375276,0.37298763,0.97368264,0.3250056,0.22182097,0.91262025,0.82155883,0.9835607,0.19031042,0.8528559,0.91745335,0.86865675,0.8184044,0.08219923,0.72970825,0.88864696,0.99236566,0.7817778
CC[C@@H]([C@H](C)O)N1C(=O)N(C=N1)C2=CC=C(C=C2)N3CCN(CC3)C4=CC=C(C=C4)OCC5C[C@](OC5)(CN6C=NC=N6)C7=C(C=C(C=C7)F)F,1,1,0,1,1,1,1,1,1,1,1,1,1,1,1,1,1,0,1,1,1,1,0,1,1,1,1,0.83453286,0.97554237,0.0016532934,0.92165005,0.99307394,0.9558102,0.99891365,0.19978623,0.9076432,0.89368534,0.4456576,0.9896465,0.15764488,0.119779654,0.961656,0.93573743,0.99687374,0.11944211,0.9546407,0.96811724,0.90098804,0.94122326,0.027394988,0.74348223,0.9136286,0.9992711,0.87549293
CC1C(C(=O)N1S(=O)(=O)O)NC(=O)C(=NOC(C)(C)C(=O)O)C2=CSC(=N2)N,1,0,0,1,1,1,1,0,1,1,0,1,0,0,1,1,1,0,1,1,1,0,0,1,1,1,1,0.86739075,0.9157593,0.008987216,0.6244159,0.99378324,0.7444313,0.99745506,0.17449807,0.979487,0.81255543,0.2544459,0.9559663,0.063507326,0.22606228,0.91923916,0.98216313,0.98974085,0.26118106,0.9444808,0.8836513,0.86239123,0.97536474,0.028202059,0.47289485,0.7123526,0.99630797,0.9268586
CC1=C(C=C(C=C1)N2C(=O)C(=C(N2)C)N/N=C/3\C=CC=C(C3=O)C4=CC(=CC=C4)C(=O)O)C,1,1,0,1,1,1,1,0,0,0,0,1,0,0,1,1,1,0,1,1,1,0,0,0,0,1,0,0.8906982,0.972464,0.0011077531,0.8849034,0.9966324,0.9166413,0.999288,0.19877617,0.95334214,0.8778084,0.31570625,0.9821653,0.08212774,0.16510853,0.95502627,0.9813557,0.99527836,0.15299118,0.94291484,0.96143514,0.9019731,0.9670775,0.018560344,0.6628137,0.8594887,0.99905723,0.92112136
CN1C(=O)CN=C(C2=C1C=CC(=C2)[N+](=O)[O-])C3=CC=CC=C3F,0,0,0,1,0,1,1,0,0,0,0,1,0,0,1,0,1,0,0,1,1,0,0,0,1,1,0,0.92429596,0.9816496,0.00096621044,0.9381055,0.9974336,0.93441993,0.9995159,0.23345101,0.9663627,0.9384649,0.353903,0.99264514,0.109998636,0.2527707,0.9719359,0.98767483,0.996842,0.18530211,0.94502896,0.9697178,0.94916326,0.9796356,0.02097359,0.77704155,0.9074915,0.9992454,0.93020105
CNC(=O)CN(CCN(CCN(CC(=O)NC)CC(=O)[O-])CC(=O)[O-])CC(=O)[O-].O.[Gd+3],0,0,0,1,1,1,1,0,1,1,0,1,0,1,1,0,1,0,1,1,1,1,0,1,1,1,1,0.30343336,0.54355526,0.017685745,0.51826876,0.809883,0.7081783,0.96214813,0.11781578,0.8243328,0.41005173,0.1112944,0.8229549,0.10384765,0.20309481,0.7974551,0.55086714,0.82824296,0.12580211,0.79815596,0.7994422,0.62931305,0.7031299,0.08105141,0.4705575,0.6674952,0.9186934,0.67982924
CC12CCC(=O)C=C1CCC3C2CCC4(C3CCC4(C)O)C,1,0,0,0,1,0,1,0,1,1,0,0,1,0,1,1,1,0,0,0,1,0,0,0,0,1,0,0.38208434,0.5758587,0.01848324,0.65512234,0.67637634,0.58407253,0.720188,0.08792646,0.69035983,0.5865119,0.30983958,0.87307906,0.52522725,0.05879105,0.63801706,0.34707078,0.9797402,0.26999915,0.7556286,0.55236626,0.6237672,0.43173426,0.081493944,0.3081764,0.5316963,0.82826686,0.566004
CC(C)[N+]1(C2CCC1CC(C2)OC(=O)C(CO)C3=CC=CC=C3)C,0,0,0,1,1,1,1,1,1,1,0,1,0,0,1,0,1,1,1,1,1,1,1,1,1,1,0,0.3966527,0.61088043,0.03164479,0.6486062,0.6238156,0.56464815,0.7847867,0.1665672,0.63914764,0.50137794,0.28183728,0.87102616,0.3043591,0.14326961,0.6458775,0.42145118,0.9059245,0.30083686,0.6284866,0.62429035,0.6266889,0.6105609,0.117682315,0.41942045,0.66618615,0.81439817,0.5700318
CC(=O)OC1=CC=CC=C1C(=O)NC2=NC=C(S2)[N+](=O)[O-],0,1,0,0,1,1,1,0,1,1,0,1,0,0,1,1,1,0,1,1,1,1,0,1,1,1,0,0.9249372,0.97348773,0.0015205874,0.91441286,0.99695516,0.9139432,0.99928856,0.21196178,0.9716744,0.9054737,0.32021227,0.9890704,0.08597947,0.26071176,0.9585364,0.98809355,0.9953897,0.21284409,0.9323967,0.95761436,0.94370043,0.97954756,0.022880847,0.7090384,0.87761927,0.99863535,0.9288701
CN1CCN(CC1)C(C2=CC=CC=C2)C3=CC=CC=C3,1,0,0,1,0,1,1,0,1,0,0,1,0,0,1,1,1,0,0,1,1,1,0,0,1,1,1,0.5048991,0.7768061,0.007898233,0.79201823,0.78350455,0.6887089,0.95016867,0.25430167,0.64791995,0.65604913,0.22666581,0.9541019,0.27852842,0.21030587,0.81157285,0.62151283,0.95377916,0.18255483,0.6573149,0.76014715,0.84949255,0.71821064,0.09693344,0.61264175,0.84982026,0.96286875,0.6313512
CCCC(C)(COC(=O)N)COC(=O)NC(C)C,0,0,0,0,0,1,1,0,0,0,0,0,0,0,1,1,0,0,1,1,1,0,0,1,1,1,1,0.36847717,0.69735307,0.007937104,0.527525,0.7684151,0.6502035,0.9118859,0.15866686,0.7158978,0.37522787,0.16977663,0.9309193,0.1406799,0.14629129,0.7597516,0.6037495,0.8875823,0.19787854,0.6764041,0.76669854,0.6814969,0.5589029,0.060029544,0.364037,0.6794962,0.8773677,0.6415669
CCC12CCC3C(C1CCC2(C#C)O)CCC4=CC(=O)CCC34,0,1,1,1,1,1,1,0,1,1,1,1,1,0,1,1,1,0,1,1,1,1,1,1,1,1,1,0.4181614,0.6118399,0.018168122,0.65262914,0.7268741,0.6352827,0.7816819,0.1332565,0.6715096,0.6038883,0.35487315,0.9003797,0.4964322,0.089205444,0.672768,0.391246,0.97437376,0.29878017,0.72528934,0.5855472,0.656665,0.5216235,0.106321275,0.3229488,0.5721959,0.8620476,0.5857064
C1CN=C(N1)NC2=C(C=CC3=NSN=C32)Cl,1,1,0,1,1,1,1,1,1,1,1,1,1,0,1,1,1,1,1,1,1,1,0,1,1,1,1,0.7849667,0.88487774,0.007918926,0.7672128,0.95018464,0.8002719,0.9809905,0.29150832,0.8331354,0.7004457,0.36418828,0.9343533,0.19533354,0.20169733,0.8028489,0.87384677,0.9514829,0.22765827,0.81793654,0.82570136,0.82341063,0.83710814,0.057058003,0.57158947,0.69858074,0.969532,0.83439046
COCCOC1=C(C=C2C(=C1)C(=NC=N2)NC3=CC=CC(=C3)C#C)OCCOC,1,1,0,1,1,1,1,0,0,0,1,1,0,0,1,1,1,0,1,1,1,1,0,0,1,1,1,0.6629864,0.8302567,0.01391347,0.68167996,0.91273296,0.8031091,0.96767455,0.2570853,0.7590579,0.5982238,0.318367,0.9085415,0.21809258,0.18351841,0.7679469,0.76822245,0.946306,0.2036298,0.76813436,0.83016753,0.7161053,0.73761,0.063595936,0.5176897,0.69861835,0.96095693,0.7713067
CCCNC(C)C(=O)NC1=CC=CC=C1C,0,1,0,1,1,1,1,0,1,0,0,1,0,0,1,1,1,0,0,1,1,0,0,1,1,1,1,0.45267582,0.7633597,0.0034947628,0.667325,0.79815274,0.66627777,0.9366784,0.16551717,0.6375975,0.46004865,0.19206305,0.9512155,0.14733258,0.131152,0.794338,0.63373125,0.9283717,0.14478955,0.60845,0.7287635,0.8111522,0.56738836,0.046536162,0.4597613,0.7492297,0.9325471,0.6024932
CC1=C(SC=[N+]1CC2=CN=C(N=C2N)C)CCO,0,0,0,0,1,0,1,0,1,0,0,1,0,0,1,0,1,0,0,1,1,0,0,0,1,0,0,0.77969015,0.90110004,0.006837344,0.79303044,0.9491128,0.8353752,0.9822114,0.28822455,0.8388675,0.7313094,0.36122343,0.95449847,0.20754404,0.21843551,0.8292804,0.86631835,0.9625695,0.20957465,0.81484884,0.85095733,0.8520318,0.8329631,0.057578553,0.6211719,0.7442707,0.97419184,0.82388425
C1CC(=O)NC(=O)C1N2C(=O)C3=C(C2=O)C(=CC=C3)N,1,1,0,0,1,1,1,0,1,1,0,1,0,0,1,1,1,1,1,1,1,1,0,1,1,1,1,0.9177938,0.9703588,0.0019697836,0.90112627,0.99636877,0.8894176,0.99902606,0.27604592,0.96510583,0.9268108,0.35686237,0.989287,0.118949324,0.2958158,0.96367544,0.9854595,0.9945253,0.2209102,0.93553466,0.9561592,0.9440619,0.97731704,0.030414581,0.75104356,0.88595074,0.99858946,0.92685986
CCOC(=O)C1=C(NC(=C(C1C2=C(C(=CC=C2)Cl)Cl)C(=O)OC)C)C,1,0,0,1,1,1,1,0,1,1,0,1,0,1,1,1,1,0,1,1,1,1,0,1,1,1,1,0.62312627,0.68222755,0.013127762,0.5462589,0.9176261,0.5708883,0.9562172,0.22230504,0.8560082,0.63485247,0.22221504,0.87301064,0.14013809,0.2159611,0.7825411,0.83719987,0.9319315,0.22399107,0.74577475,0.7522355,0.70637125,0.7739554,0.06501121,0.4096356,0.586757,0.9527808,0.72694016
CC(C1=CC2=CC=CC=C2S1)N(C(=O)N)O,1,0,0,0,1,1,1,0,1,1,0,1,0,0,0,1,1,0,1,1,1,0,0,0,0,1,1,0.69110674,0.85858744,0.004565455,0.74667984,0.9059137,0.74242973,0.97041816,0.22536671,0.7598663,0.6739751,0.28486365,0.9538759,0.18609911,0.16486193,0.83165854,0.83932394,0.9555908,0.17494966,0.74023104,0.7741272,0.8528298,0.7516883,0.05055031,0.55350256,0.7409689,0.96537215,0.72293365
CN1CCN2C(C1)C3=CC=CC=C3CC4=CC=CC=C42,1,0,0,1,1,1,1,0,0,1,0,1,0,0,1,1,1,0,0,1,1,0,0,1,1,1,1,0.6488423,0.89103764,0.009159724,0.837027,0.90590113,0.7908756,0.9740155,0.33872318,0.7390147,0.81223696,0.2881709,0.96473396,0.32948154,0.25240573,0.88618225,0.7607506,0.969556,0.17314021,0.7741018,0.8452249,0.88147914,0.7719856,0.098483674,0.7010592,0.8636312,0.9792468,0.7441815
C[C@H]1[C@@H]([C@@](C[C@@H](O1)O[C@H]2[C@H]3C(=O)N[C@H](C4=CC(=CC(=C4C5=C(C=CC(=C5)[C@H](C(=O)N3)NC(=O)[C@H]6C7=CC(=C(C(=C7)OC8=C(C=C(C=C8)[C@H]([C@H](C(=O)N[C@H](C(=O)N6)CC(=O)N)NC(=O)[C@@H](CC(C)C)NC)O)Cl)O[C@H]9[C@@H]([C@H]([C@@H]([C@H](O9)CO)O)O)O[C@H]1C[C@]([C@H]([C@@H](O1)C)O)(C)NCC1=CC=C(C=C1)C1=CC=C(C=C1)Cl)OC1=C(C=C2C=C1)Cl)O)O)O)C(=O)O)(C)N)O,0,1,0,0,1,1,1,0,1,0,0,1,0,0,0,1,1,0,1,1,0,0,0,0,1,1,1,0.6369318,0.8925338,0.047065064,0.5606889,0.9577191,0.49347678,0.976181,0.100794,0.8823394,0.3919459,0.49334794,0.8293009,0.06814162,0.071986675,0.8275104,0.8194378,0.9841008,0.18012042,0.90880066,0.8475006,0.602137,0.70531195,0.053112507,0.55547094,0.39802736,0.9924044,0.8296085
CN1C=CNC1=S,1,0,0,0,1,1,1,0,1,0,0,1,0,0,0,1,1,0,0,0,0,1,0,1,0,1,0,0.4657926,0.7338515,0.0025714196,0.59886575,0.792566,0.62281036,0.9251664,0.15519635,0.6190692,0.3739604,0.20224689,0.9253096,0.12611842,0.105392724,0.7273988,0.63304466,0.9059057,0.14079213,0.584615,0.6633757,0.7673734,0.51530766,0.03611873,0.37681368,0.622405,0.89969957,0.58274907
C1C(C(C(C(C1NC(=O)C(CCN)O)OC2C(C(C(C(O2)CO)O)N)O)O)OC3C(C(C(C(O3)CN)O)O)O)N,0,1,0,1,1,1,1,0,0,0,0,0,0,0,1,1,1,0,0,1,0,1,0,1,0,1,1,0.37079722,0.54920864,0.02870761,0.5074844,0.6778754,0.5008967,0.8285923,0.07184895,0.75927895,0.14171857,0.12196988,0.8781333,0.052930683,0.07166494,0.593952,0.52851117,0.90170914,0.1565517,0.61416984,0.5280604,0.32122114,0.38941637,0.027468352,0.4414182,0.42684296,0.56941414,0.6216792
C1=CC=NC(=C1)NS(=O)(=O)C2=CC=C(C=C2)N/N=C/3\C=CC(=O)C(=C3)C(=O)O,1,1,0,1,1,1,1,0,1,1,1,1,1,0,1,1,1,1,1,1,1,1,0,1,1,1,1,0.8904542,0.94856155,0.0048026065,0.82705647,0.99022335,0.835133,0.996619,0.24280624,0.94298303,0.8463432,0.32876503,0.9678785,0.11883341,0.24308255,0.9167521,0.97443944,0.98672557,0.23751608,0.8996944,0.90201026,0.90194666,0.95189166,0.037844364,0.6495404,0.79365623,0.99580055,0.8839827
CC(C12CC3CC(C1)CC(C3)C2)N,0,1,0,1,0,0,1,1,0,1,0,1,0,0,1,0,1,0,0,1,1,1,0,1,1,1,1,0.47146803,0.6903422,0.012861847,0.6717994,0.7842119,0.7112316,0.8776204,0.23813075,0.6556747,0.5649686,0.37371135,0.94622946,0.36526516,0.17742527,0.74139297,0.48619014,0.9497428,0.31568763,0.662843,0.7231373,0.72377944,0.66654426,0.13258903,0.39805788,0.6956355,0.8898378,0.68028444
C1C[C@H](N(C1)C(=O)[C@@H]2CSSC[C@@H](C(=O)N[C@H](C(=O)N[C@H](C(=O)N[C@H](C(=O)N[C@H](C(=O)N2)CC(=O)N)CCC(=O)N)CC3=CC=CC=C3)CC4=CC=C(C=C4)O)NC(=O)CNC(=O)CNC(=O)CN)C(=O)N[C@@H](CCCCN)C(=O)NCC(=O)N,0,1,0,0,1,0,1,0,0,1,0,1,0,0,1,0,1,0,0,1,0,0,1,0,1,1,0,0.35412344,0.6072021,0.12271194,0.41515416,0.73341274,0.5613679,0.83462805,0.29520014,0.78273,0.46877193,0.33891082,0.7138767,0.39028543,0.20742925,0.6612975,0.54168785,0.8267288,0.35426092,0.7392682,0.5922964,0.53671014,0.614887,0.27466175,0.42730504,0.53942925,0.91486895,0.56671554
CCOCCP(CCOCC)CCP(CCOCC)CCOCC,0,0,0,1,1,0,1,0,1,0,0,1,0,0,1,0,1,0,0,1,0,0,0,0,1,1,0,0.2975531,0.56753916,0.00935696,0.5211304,0.6680236,0.7131166,0.91068983,0.146736,0.7536696,0.2299176,0.12805569,0.943853,0.11075317,0.16749367,0.71030986,0.35820696,0.9193425,0.18222712,0.6929737,0.7960567,0.62078434,0.49176234,0.054379117,0.3942602,0.7346259,0.8314023,0.65667695
CC1=C2C(=C(N(C1=O)C)NC3=C(C=C(C=C3)I)F)C(=O)N(C(=O)N2C4=CC(=CC=C4)NC(=O)C)C5CC5,1,1,0,1,1,1,1,0,0,1,1,1,0,0,1,1,1,0,1,1,1,1,0,0,1,1,1,0.89640576,0.9833844,0.0005421297,0.92510164,0.99837697,0.96715385,0.99973255,0.13647327,0.95450664,0.8882669,0.43738404,0.9902991,0.08531476,0.1346383,0.9703736,0.978542,0.9981273,0.104237676,0.96402043,0.9827708,0.90327567,0.9737857,0.011385058,0.7249081,0.9196967,0.9997291,0.9211796
C1C(C(C(C(C1N)OC2C(C(C(C(O2)CO)O)O)N)OC3C(C(C(O3)CO)OC4C(C(C(C(O4)CN)O)O)N)O)O)N,0,0,0,0,0,0,1,0,0,0,0,0,0,0,0,0,0,0,0,0,0,0,0,0,0,0,0,0.38718766,0.54416704,0.022420252,0.5371351,0.6813523,0.46355602,0.8517288,0.052937753,0.7999408,0.120393686,0.09652313,0.89736766,0.03879342,0.054243684,0.5960941,0.5393139,0.94060636,0.13507456,0.6224184,0.51496005,0.3101725,0.3981121,0.01896249,0.4387662,0.4110388,0.5849753,0.6347104
C1=CC(=C(C=C1CCN)O)O,0,0,0,0,1,0,1,0,0,1,0,1,0,0,1,0,1,0,1,1,1,1,0,0,1,1,0,0.34252933,0.6781993,0.002431773,0.54986715,0.7510832,0.60009116,0.9076966,0.14407492,0.5815981,0.32590124,0.17034246,0.92164874,0.11294406,0.09807382,0.73033327,0.5140551,0.89346397,0.12286673,0.5538459,0.6736171,0.718234,0.43526554,0.038353715,0.34903577,0.6426331,0.8880828,0.53355104
C1=CC(=C(C=C1C(=N)N)Br)OCCCOC2=C(C=C(C=C2)C(=N)N)Br.C(CS(=O)(=O)O)O,0,0,0,1,0,0,0,0,1,0,0,1,0,0,0,0,1,0,0,0,0,0,0,0,0,1,0,0.5325302,0.74465704,0.031304345,0.49392757,0.8797305,0.7432129,0.94304365,0.19143608,0.79122645,0.44528896,0.23417512,0.8641976,0.15726925,0.22729447,0.6985855,0.7033224,0.90184027,0.26223797,0.7153444,0.75530624,0.6218506,0.6841542,0.05219637,0.41171154,0.5777971,0.9072356,0.6680476
C(CSC[C@@H]1[C@@H]2[C@@H]([C@H]([C@H](O1)O[C@@H]3[C@H](O[C@@H]([C@@H]([C@H]3O)O)O[C@@H]4[C@H](O[C@@H]([C@@H]([C@H]4O)O)O[C@@H]5[C@H](O[C@@H]([C@@H]([C@H]5O)O)O[C@@H]6[C@H](O[C@@H]([C@@H]([C@H]6O)O)O[C@@H]7[C@H](O[C@@H]([C@@H]([C@H]7O)O)O[C@@H]8[C@H](O[C@@H]([C@@H]([C@H]8O)O)O[C@@H]9[C@H](O[C@H](O2)[C@@H]([C@H]9O)O)CSCCC(=O)[O-])CSCCC(=O)[O-])CSCCC(=O)[O-])CSCCC(=O)[O-])CSCCC(=O)[O-])CSCCC(=O)[O-])CSCCC(=O)[O-])O)O)C(=O)[O-].[Na+].[Na+].[Na+].[Na+].[Na+].[Na+].[Na+].[Na+],0,1,0,0,1,1,1,0,1,0,0,1,0,1,1,0,1,0,1,1,1,1,0,1,1,1,1,0.6551121,0.7033455,0.00061199494,0.624892,0.9871071,0.34189072,0.9978678,3.4583198e-05,0.99818206,0.037033085,0.006766904,0.9838933,5.0348903e-05,0.030639417,0.9078233,0.8557813,0.99994993,0.00022198498,0.87682,0.3621173,0.3579213,0.12119873,6.823039e-06,0.8835091,0.2308923,0.9858414,0.9093655
COC1=CC2=C(C=CN=C2C=C1)C(C3CC4CCN3CC4C=C)O,1,1,0,1,1,1,1,0,1,1,0,1,0,1,1,1,1,1,1,1,1,1,0,1,1,1,1,0.5995814,0.80871093,0.034351766,0.7632299,0.8358551,0.75405073,0.9239998,0.36787125,0.69294035,0.68737257,0.41756538,0.93075734,0.3578201,0.29059923,0.8028716,0.681461,0.92257875,0.31259298,0.70400894,0.7905467,0.8075488,0.74931496,0.19308926,0.5778212,0.7794454,0.92606294,0.7063895
CC1=C(C2=CC3=C(C(=C([N-]3)C=C4C(=C(C(=N4)C=C5C(=C(C(=N5)C=C1[N-]2)C=C)C)C=C)C)C)CCC(=O)O)CCC(=O)O.[Cl-].[Fe+3],0,1,0,0,1,0,0,0,0,0,0,0,0,0,1,1,0,0,0,0,0,1,0,0,0,0,1,0.89293116,0.9897407,0.00014733325,0.94175845,0.9995365,0.98072225,0.9999504,0.082297854,0.979448,0.92851454,0.35009018,0.99597126,0.044468503,0.10262244,0.9918338,0.98812675,0.99949646,0.051255856,0.9816078,0.9910664,0.9381714,0.98651475,0.009022492,0.78452027,0.95738953,0.9999614,0.9486208
N(=O)[O-],0,1,0,1,0,0,1,0,0,0,0,1,0,0,1,1,1,0,0,0,1,0,0,0,1,1,0,0.43324453,0.7412179,0.002016426,0.6028285,0.8417397,0.6045556,0.944495,0.14404069,0.6694842,0.37542376,0.16857947,0.93241626,0.10425395,0.112943545,0.7648305,0.68258345,0.91376257,0.15393728,0.63489753,0.7213009,0.7531502,0.5682048,0.030388093,0.3261465,0.6379318,0.9095625,0.61960363
CC[C@H](C)[C@H]1C(=O)NC(C(=O)N[C@H](C(=O)N[C@@H](CSSCCC(=O)N[C@@H](C(=O)N1)CC2=CC=C(C=C2)OCC)C(=O)N3CCC[C@H]3C(=O)N[C@@H](CCCN)C(=O)NCC(=O)N)CC(=O)N)[C@@H](C)O,0,1,0,0,1,0,1,0,1,1,0,1,0,0,1,0,1,0,0,1,1,0,1,0,1,1,0,0.46662846,0.7344499,0.08423181,0.5191882,0.83039486,0.6582364,0.91618365,0.29520246,0.84830934,0.57599896,0.31446704,0.8348336,0.32636577,0.20562144,0.7411403,0.65870994,0.89586276,0.3352648,0.81402224,0.7049562,0.62441015,0.7393877,0.21119641,0.48341238,0.6257318,0.92657954,0.6864833
C1=CC=C(C=C1)COC2=CC=C(C=C2)O,0,0,0,0,0,0,0,0,1,0,0,0,0,0,0,0,1,0,0,0,0,0,0,0,0,1,0,0.3496363,0.6397474,0.0030344652,0.57650906,0.6709875,0.49921125,0.89478993,0.13725883,0.51168543,0.3817723,0.16906388,0.8992456,0.1264227,0.091380395,0.69418997,0.49084237,0.8936402,0.11286109,0.4999438,0.5650626,0.69207865,0.4562971,0.037593517,0.3524392,0.63815296,0.88380766,0.4636576
CC1=NN=C(O1)C(=O)NC(C)(C)C2=NC(=C(C(=O)N2C)[O-])C(=O)NCC3=CC=C(C=C3)F.[K+],1,1,0,1,1,1,1,1,1,1,1,1,1,0,1,1,1,0,1,1,1,1,0,1,1,1,1,0.880151,0.9557754,0.0027729308,0.8794576,0.99700755,0.924616,0.99924797,0.2044518,0.96700746,0.87469935,0.4428422,0.9836174,0.091489986,0.25272003,0.9567691,0.97654337,0.99358577,0.15170729,0.9217396,0.9539415,0.9191599,0.9760104,0.025931682,0.7176815,0.8919684,0.9989336,0.91236055
C[N+]1(CCC(C1)OC(=O)C(C2CCCC2)(C3=CC=CC=C3)O)C,0,1,0,1,1,1,1,0,1,1,0,1,0,0,1,0,1,0,1,1,1,1,1,0,1,1,1,0.46411666,0.70572484,0.02524049,0.725308,0.76580155,0.69113576,0.90739644,0.2801278,0.69847375,0.5734919,0.29627547,0.9304908,0.30079225,0.24651171,0.7458929,0.5282536,0.9297469,0.31309077,0.6979221,0.7558293,0.753349,0.74447405,0.14725739,0.4876573,0.7823916,0.9108518,0.6542389
CCC(=O)OC(C(C)C)OP(=O)(CCCCC1=CC=CC=C1)CC(=O)N2CC(CC2C(=O)[O-])C3CCCCC3,1,1,0,1,1,1,1,0,1,1,0,1,0,0,1,1,1,1,1,1,1,1,1,1,1,1,1,0.51222736,0.71722716,0.042851306,0.6301424,0.8105714,0.7184068,0.91841227,0.31042567,0.763853,0.6082194,0.3392657,0.9163037,0.347298,0.2347762,0.75750315,0.61693245,0.9408212,0.3721592,0.7478369,0.75448054,0.7076672,0.7351263,0.19149925,0.50861603,0.7435172,0.9259847,0.6801994
[Mg+2],0,1,0,0,1,0,0,0,0,0,0,1,0,0,1,0,1,0,0,1,0,0,0,0,0,1,1,0.28651893,0.6843826,0.0013236167,0.5563205,0.71371096,0.57659304,0.9258614,0.09524494,0.53130037,0.3012774,0.122308075,0.9275586,0.09820136,0.07338712,0.7105742,0.50583863,0.85738856,0.08300267,0.59670043,0.6455194,0.7183805,0.40278423,0.025129113,0.37137213,0.6661436,0.8956067,0.5604201
CC1(C(=O)N(C(=O)O1)C)C,1,1,0,1,1,1,1,0,0,1,1,1,0,0,1,1,1,0,0,1,1,1,0,1,0,1,1,0.6811524,0.76607877,0.0054163393,0.63730955,0.9448147,0.6235582,0.97557586,0.19518699,0.873495,0.6593463,0.21119237,0.940438,0.121461436,0.20411605,0.83505094,0.9044647,0.956512,0.2356294,0.8076101,0.77740866,0.8440212,0.8389251,0.044436764,0.42514068,0.65397877,0.9670116,0.8011511
CC(C)CC1C(=O)N2CCCC2C3(N1C(=O)C(O3)(C(C)C)NC(=O)C4CN(C5CC6=C(NC7=CC=CC(=C67)C5=C4)Br)C)O,0,1,0,1,1,1,1,0,0,0,1,1,1,0,1,1,1,0,1,1,1,1,0,1,1,1,1,0.7699478,0.93631476,0.009352443,0.8060372,0.98787737,0.81872356,0.99576074,0.2850876,0.94318044,0.88052905,0.3606502,0.97315514,0.1928019,0.13623804,0.9483872,0.9048098,0.9941671,0.16072375,0.958718,0.9136889,0.8572935,0.93463916,0.05408879,0.6809792,0.8271373,0.9974946,0.84914464
CCCCCN(C)CCC(O)(P(=O)(O)O)P(=O)(O)O,1,1,0,1,1,1,1,0,1,1,1,1,1,0,1,1,1,0,1,1,1,1,0,1,1,1,1,0.44809696,0.7621569,0.030701317,0.4738924,0.8403912,0.712176,0.932467,0.15170081,0.8016513,0.31675342,0.17825931,0.90849406,0.12937759,0.15676554,0.6787701,0.6799594,0.86978966,0.30308622,0.741763,0.757228,0.61336315,0.71184504,0.04229767,0.387306,0.61001587,0.84375566,0.7399034
CC1=C(C=CC2=C1N=C(C=C2OC3C[C@@H]4[C@@H](C3)C(=O)N(CCCC/C=C\[C@@H]5CC5(NC4=O)C(=O)NS(=O)(=O)C6CC6)C)C7=NC(=CS7)C(C)C)OC,1,0,0,0,1,1,1,0,0,0,0,1,0,0,0,1,1,0,1,1,1,0,0,0,0,1,0,0.777941,0.93536544,0.0062483493,0.8119203,0.9865867,0.8801999,0.9956299,0.24402079,0.930361,0.8543461,0.48809355,0.9730722,0.1856971,0.11141852,0.93997777,0.89643484,0.9952127,0.1627119,0.93880767,0.9153549,0.8492564,0.91123927,0.057182234,0.62159765,0.83375436,0.9978411,0.811578
C1CN(CC1C(C2=CC=CC=C2)(C3=CC=CC=C3)C(=O)N)CCC4=CC5=C(C=C4)OCC5,1,0,0,1,1,1,1,1,1,1,0,1,0,0,1,0,1,0,1,1,1,1,0,0,1,1,1,0.67180943,0.90403086,0.008940265,0.8713674,0.94243836,0.8442331,0.9883674,0.34289154,0.7813563,0.8635583,0.32167408,0.97145486,0.3262606,0.2601624,0.9136841,0.79975367,0.98230064,0.1843457,0.85463977,0.89282286,0.8782291,0.84082294,0.09565771,0.7524549,0.89112973,0.9910658,0.7684313
CN1CCOC(C2=CC=CC=C2C1)C3=CC=CC=C3,0,0,0,1,0,0,1,0,1,0,0,1,0,0,0,0,1,0,0,0,1,1,0,0,1,1,0,0.5159312,0.7857473,0.0067068455,0.7653492,0.797328,0.6757246,0.9452146,0.25361934,0.63823444,0.65186286,0.23259367,0.9469601,0.26518327,0.19530284,0.80701846,0.634749,0.9480009,0.1600264,0.64743274,0.7404407,0.8409857,0.6632205,0.081586905,0.59323806,0.8158633,0.95759183,0.61299706
C[C@@H](C(=O)O)N.C1=CC(=CC=C1C[C@@H](C(=O)O)N)O.C(CCN)C[C@@H](C(=O)O)N.C(CC(=O)O)[C@@H](C(=O)O)N,1,1,0,1,1,1,1,0,1,1,1,1,1,0,1,1,1,0,1,1,1,1,0,0,1,1,1,0.35294092,0.6817324,0.046960212,0.40329513,0.7497313,0.6728776,0.86842567,0.19575089,0.72328407,0.38951212,0.221351,0.84135085,0.16890594,0.19766006,0.6670747,0.6078232,0.7689759,0.2719168,0.6928839,0.70921415,0.51315993,0.599301,0.11299987,0.32765293,0.58412856,0.80837893,0.6377668
C1=CC(=C(C(=C1)Cl)C=NN=C(N)N)Cl,0,1,1,1,1,1,1,1,1,1,0,1,1,0,1,1,1,0,1,1,1,1,0,1,1,1,1,0.61602044,0.7540255,0.003879679,0.6522474,0.88850296,0.6569865,0.9603381,0.18853897,0.7569001,0.52485615,0.2380493,0.9240157,0.1174534,0.1631063,0.7662169,0.79809815,0.9251553,0.19710255,0.682282,0.7494928,0.7679826,0.71413493,0.04113939,0.41829255,0.6324115,0.93301797,0.695685
C1CN2CCC1[C@H](C2)OC(=O)N3CCC4=CC=CC=C4[C@@H]3C5=CC=CC=C5.Cl,1,1,0,1,1,1,1,0,1,0,0,1,0,0,1,0,1,0,1,1,1,1,0,0,1,1,0,0.5043906,0.7817945,0.022199344,0.7703441,0.8538511,0.7944416,0.9469741,0.2725185,0.7312992,0.76837176,0.29940772,0.9262196,0.36008462,0.21159147,0.83637583,0.6949405,0.9516937,0.2381651,0.7491955,0.7883298,0.8135345,0.73011696,0.17639327,0.59585625,0.81816006,0.96233857,0.65464586
C[C@H]1C[C@@H]2[C@H](CC[C@]3([C@H]2CC[C@@]3(C(=O)C)O)C)[C@@]4(C1=CC(=O)CC4)C,1,1,0,1,1,1,1,0,1,1,1,1,1,0,1,1,1,1,1,1,1,1,1,0,1,1,1,0.2931937,0.5912102,0.011737866,0.62928385,0.70974636,0.57418513,0.6620852,0.04871503,0.8064021,0.6463336,0.27594736,0.82352704,0.52122045,0.032040063,0.624235,0.3553882,0.9833492,0.15885572,0.78469443,0.52788615,0.630157,0.30789402,0.04528313,0.29639736,0.56894845,0.82878405,0.5739567
CC(C)C[C@@H](C(=O)N[C@@H](CCCN=C(N)N)C(=O)N1CCC[C@H]1C(=O)NCC(=O)N)NC(=O)[C@@H](CC2=CNC3=CC=CC=C32)NC(=O)[C@H](CC4=CC=C(C=C4)O)NC(=O)[C@H](CO)NC(=O)[C@H](CC5=CNC6=CC=CC=C65)NC(=O)[C@H](CC7=CN=CN7)NC(=O)[C@@H]8CCC(=O)N8,1,1,0,1,1,1,1,0,1,1,1,1,1,0,1,1,1,0,1,1,1,1,0,1,1,1,1,0.5425268,0.83719856,0.056548566,0.58729804,0.88258505,0.73039234,0.96287507,0.27402616,0.7197874,0.6383032,0.45839778,0.8510409,0.3201402,0.12148301,0.7872283,0.65794945,0.923852,0.28059015,0.8580229,0.7901938,0.5956359,0.70235115,0.19658357,0.52970725,0.67212206,0.9837726,0.699093
CC(C)(C)NCC(C1=CC(=C(C=C1)O)CO)O,1,1,0,1,1,1,1,1,1,1,0,1,0,1,1,1,1,0,1,1,1,1,1,1,1,1,1,0.3774887,0.7658592,0.0030748858,0.6721814,0.8106943,0.6940953,0.9433631,0.14878313,0.6536022,0.41884091,0.16229437,0.962635,0.12642397,0.121734776,0.8236123,0.5754584,0.9245916,0.13830793,0.62121713,0.7948564,0.8111059,0.5870965,0.043187894,0.44152585,0.79078895,0.9368215,0.6347932
CCCCCCCCC1=CC=C(C=C1)CCC(CO)(CO)N.Cl,1,0,0,1,1,1,1,0,1,0,1,1,0,0,1,1,1,1,1,1,1,0,0,0,1,1,1,0.32683736,0.70371145,0.009258937,0.6346728,0.81523323,0.8197409,0.9278846,0.1674634,0.76870567,0.45202598,0.19635767,0.95550615,0.16678886,0.20330048,0.8243967,0.5244658,0.92791265,0.17141698,0.71012914,0.83508736,0.7599155,0.53991914,0.08061511,0.50671643,0.78870547,0.91341937,0.69108313
CC(=O)C1(CCC2C1(CCC3C2C=C(C4=CC(=O)C5CC5C34C)Cl)C)O,1,1,0,1,1,1,1,0,1,1,1,1,0,1,1,1,1,0,0,1,1,1,0,1,1,1,0,0.32218692,0.55022234,0.021892184,0.6789552,0.6296276,0.5807557,0.6625117,0.06032896,0.7372596,0.60836333,0.25187942,0.82787836,0.59915763,0.039453804,0.5753589,0.31047097,0.9837299,0.25167352,0.8171667,0.52470034,0.59374624,0.364159,0.061872102,0.29959354,0.45282438,0.79903805,0.5653102
CC1OCC2C(O1)C(C(C(O2)O[C@H]3[C@H]4COC(=O)[C@@H]4[C@@H](C5=CC6=C(C=C35)OCO6)C7=CC(=C(C(=C7)OC)OP(=O)(O)O)OC)O)O,1,1,0,1,1,1,1,0,0,0,1,1,0,0,1,1,1,0,1,1,0,0,0,0,1,1,1,0.5499941,0.7539041,0.17768107,0.48364645,0.8577288,0.5775552,0.9175696,0.22471039,0.8603085,0.41872182,0.24303034,0.7716808,0.16053788,0.19710444,0.6932012,0.75487375,0.9061128,0.35160443,0.74993235,0.698167,0.5760502,0.7327297,0.11369687,0.4291892,0.48215136,0.87976265,0.65583074
C1=CC(=CN=C1)C(=O)[O-],1,1,0,1,1,1,1,0,1,1,1,1,1,0,1,1,1,0,1,1,1,1,0,1,1,1,1,0.5626999,0.7959815,0.002590632,0.6832412,0.8724913,0.661483,0.95885813,0.1838936,0.71913606,0.51221454,0.22149464,0.94417554,0.12963648,0.14046374,0.78989595,0.7706933,0.9348114,0.16528606,0.662286,0.7458078,0.80806124,0.6541496,0.037679788,0.42722172,0.6894333,0.93723726,0.65713257
CC1=CC2=C(NC3=CC=CC=C3N=C2S1)N4CCN(CC4)C,1,1,0,1,1,1,1,1,1,1,1,1,1,1,1,1,1,0,1,1,1,1,1,1,1,1,1,0.821755,0.9378479,0.0050738617,0.8609924,0.97694576,0.8617941,0.99336714,0.3219381,0.86525637,0.84191656,0.35362124,0.97137487,0.20384158,0.23455137,0.91443133,0.91923606,0.9811353,0.20925331,0.88188106,0.916423,0.87770814,0.90389115,0.06264417,0.6801902,0.84457654,0.9921017,0.86315924
[Sm],0,0,0,0,1,1,1,0,1,0,1,1,0,1,1,1,1,0,1,1,0,1,0,0,1,1,0,0.21024536,0.5334148,0.0033131673,0.42119503,0.5570447,0.51047194,0.8379113,0.08708468,0.4365834,0.21717177,0.1194605,0.8184719,0.08599978,0.07345323,0.6018059,0.37550354,0.69234407,0.075152814,0.59383094,0.55451214,0.5219347,0.2727012,0.033772066,0.31459185,0.52220577,0.7354419,0.49505547
CCN(CCCCOC(=O)C1=CC(=C(C=C1)OC)OC)C(C)CC2=CC=C(C=C2)OC,0,1,0,0,0,0,1,0,1,0,0,1,0,0,0,0,1,0,0,0,1,0,0,0,0,1,0,0.4613262,0.71036184,0.0112843765,0.6463919,0.8289332,0.72325647,0.94121724,0.24145816,0.75991124,0.5462098,0.19992226,0.9318615,0.18765573,0.24833937,0.7980416,0.6178826,0.938479,0.21338612,0.6661923,0.80666965,0.76440585,0.6476516,0.08589581,0.5092118,0.7604577,0.9390945,0.6412355
CC1=C(N=CN1)CSCCNC(=NC)NC#N,1,0,0,0,1,1,1,0,1,1,0,1,0,0,0,1,1,0,1,0,1,1,0,0,1,1,1,0.39903992,0.6174975,0.008685165,0.486421,0.70995104,0.5567925,0.86481297,0.18983144,0.561647,0.30725536,0.2101733,0.82902753,0.15956917,0.12649558,0.6319389,0.5295929,0.81826323,0.18369031,0.54930943,0.5856286,0.61941105,0.4162248,0.05547799,0.32474142,0.51762724,0.79759294,0.52295774
CCCCCOC1=CC=C(C=C1)C2=CC(=NO2)C3=CC=C(C=C3)C(=O)N[C@H]4C[C@H]([C@H](NC(=O)[C@@H]5[C@H]([C@H](CN5C(=O)[C@@H](NC(=O)[C@@H](NC(=O)[C@@H]6C[C@H](CN6C(=O)[C@@H](NC4=O)[C@@H](C)O)O)[C@@H]([C@H](C7=CC(=C(C=C7)O)OS(=O)(=O)O)O)O)[C@@H](CC(=O)N)O)C)O)O)O,1,1,0,0,1,1,1,0,1,0,1,1,1,0,1,1,1,0,1,1,1,1,0,0,1,1,1,0.67323893,0.9273075,0.033242412,0.5686718,0.9742862,0.7921896,0.99157274,0.16948701,0.94906926,0.60920113,0.39294192,0.91609234,0.12277389,0.08024999,0.88390446,0.88867694,0.9849547,0.19910248,0.92709523,0.86673874,0.7192319,0.8923205,0.0626142,0.5140676,0.6905621,0.99331975,0.8046915
